question,answer
自助开户后如何补办三方存管？,您好，手机开户后发现银行卡未绑定成功，开户成功后可以在交易日9:00-16:00通过以下途径重新绑定银行卡： 1、易淘金APP-我-业务办理-业务办理-自助开户三方存管补办；（绑定同一银行或不同银行的银行卡均可） 2、广发证券官网-易淘金-登录账号-广发通中心-业务中心-业务办理-证券账户类-自助开户三方存管补办。（暂不支持改绑其他银行的银行卡，可以绑同一银行的其他银行卡） 注：若重新绑定的银行卡是相同银行的，T+1查询绑定结果；若是不同银行的，T日查询绑定结果。三方存管补办
转账失败的原因？,您好，人民币转账失败的常见原因有： 1、三方存管状态是否正常（可联系开户营业部或95575查询）； 2、是否密码输错（转入用银行卡密码，转出用资金密码）； 3、余额不足(如T日卖出A股，T+1才可转出)； 4、转帐方向是否有误； 5、转账时间不正确（转账时间是交易日9:00-16:00，部分银行可能会提前，可在15:00前转账） 6、参与了现金增利业务，需要操作赎回，方能转出资金。 具体请您查看转账错误提示，根据错误提示进行排查，如无法解决，请联系95575转9人工。
证券转银行为什么转不了？,证券转银行转不出首先看报错，由于不知道具体报错，可查看几点：1可取资金是否够，当日卖出的资金可用不可取；2.如果需要资金密码是否密码有误；3、证券转银行的时间一般是交易日的9点至16点，是否在此期间内。如果都不是，建议询问营业部能查到转账流水失败原因的
佣金与手续费的区别？,您好，佣金是证券交易手续费的一种。一般情况下，股票的交易手续费是包含佣金、印花税和过户费；其中交易佣金：最高不超过成交金额的3‰(双边)，实际以营业部设置为准；印花税：按成交金额的1‰收取，仅向卖出方收取；过户费：按成交金额0.02‰收取。
银证转账的时间？,银证转账要在股市开市的时间段才可以，一般可以转账的时间是周一至周五9:00-16:00，有些银行是15:00前。非交易时间是不允许这样做的，另外，当天卖出股票后，也需要到第二个交易日才能够把股票账户内的资金转出到银行，而从银行转账到股票账户也需要在相应的之内。
信用证券账户可以注销后重新开户吗？,可以。需注意注销信用账户的前提条件： 1、信用证券账户已了结全部融资融券交易； 2、信用证券账户上无任何股份余额； 3、信用证券账户资金余额为零。 4、没有融资融券交易待交收等在途业务； 5、未发生其它有关交易交收违约行为。若满足条件，请持本人有效身份证件明文件原件、信用证券账户卡原件、三方存管银行资料在交易时间回开户营业部办理，一般两个工作日内可销户成功，具体情况以营业部的流程为准，注销信用账户后，您也可以再重新开立信用账户。
信用证券账户卡遗失应如何处理？,您好，如果您信用证券账户卡遗失，可以携带所需资料在交易时间到开户营业部办理，信用证券账户卡补办有以下业务规定： 1、已开立对应信用证券账户的上海普通证券账户、上海信用证券账户不可办理挂失，但可办理普通及信用证券账户卡的补办手续。 2、深圳信用证券账户及其普通证券账户可直接办理挂失。 3、上海\深圳市场投资者办理信用证券账户补办业务，只能向与其建立对应关系的普通证券账户登记的证券公司申请。 4、信用证券账户补办业务不允许代办。 5、挂失补办原号：10元（个人、机构一样）；挂失补办新号：视同新开户。
信用账户资金无法转出的原因,通常是由于账户中有负债情况的存在导致的。如无负债可取资金是可以转出的，如存在负债的，转出资金前提是需要账户中的维持担保比例大于300%，且将资金转出后维持担保比例不低于300%，只能转取大于300%的部分。
信用账户销户条件？,融资融券销户有以下前提条件： 1、信用证券账户已了结全部融资融券交易； 2、信用证券账户上无任何股份余额； 3、信用证券账户资金余额为零； 4、没有融资融券交易待交收等在途业务； 5、未发生其它有关交易交收违约行为。
信用账户三方存管的银行有哪些？,您好，目前已开通信用三方存管业务的银行包括工商银行、农业银行、中国银行、交通银行、招商银行、建设银行、广发银行、兴业银行、中信银行、浦发银行、中国平安银行、上海银行、民生银行、光大银行、中国邮政储蓄银行、宁波银行，共16家。详细银行名单请留意相关更新公告。
信用账户如何申购新股？,您好，您可以通过以下菜单操作信用账户新股申购： 1、手机易淘金：可通过交易-信用-担保品买入； 2、WEB交易系统：股票-融资融券-新股申购-新股申购或批量新股申购（提供一键申购功能）； 3、金融终端：股票-信用-新股申购-新股申购或新股批量申购（提供一键申购功能）； 4、至诚版：股票-信用-信用新股申购-信用新股申购或信用批量新股申购（提供一键申购功能）； 5、至易版：新股IPO-勾选申购的新股，点击申购（在上方切换为信用账户后操作）。 （温馨提示：同一投资者对同一只新股只能申购一次）
信用账户如何查询新股申购额度？,信用账户的新股申购额度可通过金融终端、至易版、WEB交易系统、电脑至诚版等软件查询，具体操作如下： 1、广发证券金融终端：（信用账户）信用-新股申购-新股申购额度查询； 2、广发证券至诚版：（信用账户）信用-信用新股申购-新股额度查询； 3、广发证券web交易系统：（信用账户）融资融券-新股申购-新股申购额度查询； 4、广发证券至易版:（信用账户）新股-深市配额、沪市配额（点击上方进行普通账户和信用账户切换）。 温馨提示：新股额度查询时间为新股发行当天即可查询。
信用账户如何操作配债？,您可以使用“信用―担保品卖出”菜单操作信用账户配债，具体操作要点如下： 1、信用账户持有的证券进行配债，只能在信用账户进行操作，不能将信用账户的配债权证转到普通账户去操作，且必须使用自有资金操作。 2、对于同时具有配债和发债的债券发行，在信用账户中您可以操作“原股东”优先配售的部分（建议使用“担保品卖出”菜单操作），即进行配债操作，也可以在信用账户中以“社会公众”的身份申购网上发债部分（使用“担保品买入”菜单操作）。
信用账户如何操作配股？,您可以使用“信用―担保品卖出”菜单操作信用账户配股。信用账户持有的证券进行配股，只能在信用账户进行操作，不能将信用账户的配股权证转到普通账户去操作，且都必须使用自有资金操作。
信用账户卖出证券得到现金想自动偿还负债，怎么办？,您好，"如果客户愿意每日将账户现金自动偿还其融资负债、以减少利息支出的，可向营业部申请开通“日终自动归还融资负债”功能，若开通此功能后，客户每日现金余额都将自动偿还其融资负债。如需开通此功能请务必谨慎，客户账面只要有现金余额就会用来还债，可能影响客户的担保品买入操作。客户若要申请开通此功能，可携带身份证原件在交易时间亲临营业部现场办理，详情请咨询所属营业部。
信用账户可以网上开通吗？,您好，我司目前暂没有开通网上开融资融券账户的功能。如果客户满足条件要开融资融券账户，必须携带本人有效身份证和银行卡到开户营业部临柜办理。
信用账户可以交易哪些股票？,您好，您可以用自有资金交易担保品范围内的证券；也可以融资买入、融券卖出标的范围的证券。
信用账户可以购买非标的证券吗？,信用账户买入分为担保品买入和融资买入，担保品买入是使用自有资金买入担保品范围的证券；而融资买入是融资金买入融资标的范围内的证券。
信用账户可以购买ST股票吗？,融资融券账户一般不能购买风险警示股票（ST、*ST），如果您需要担保品买入请留意广发证券担保证券范围，如果您需融资买入请留意广发证券融资标的范围，需要是对应范围内的证券才可交易。
信用账户可以操作要约收购吗？,您好，信用账户不能操作申报要约收购，在满足担保品转出条件的情况下（维持担保比例大于300%以上的部分才能转出，转出后维持担保比例不得低于300%），需将标的股票转至普通账户申报预受要约。 （温馨提示：担保品划转T+1生效）
信用账户可以参与逆回购吗？,"您好,融资融券账户不可以参与逆回购。"
信用账户开通条件,您若是个人投资者，那么开通融资融券账户需满足以下条件： 1、在任何一家券商首笔交易满6个月； 2、征信前20个交易日日均证券类资产不低于50万元（含现金、股票、债券、基金、证券公司资产管理计划等资产）； 3、年龄在18-60岁之间； 4、已在广发证券开立实名普通证券交易账户。满足相应开通条件您本人携带二代身份证件交易时间前往开户营业部柜台临柜办理，建议先行致电营业部咨询可能需要携带的其他开户资料。温馨提示：信用账户开户费40元/户。上海和深圳市场共80元。
信用账户开立后何时生效？,"上海和深圳信用证券账户T日开立,T+1日生效。"
信用账户交易允许市价委托吗？,"信用账户交易中融券卖出不能使用市价委托,其他例如融资买入、担保品买入、担保品卖出等可以使用市价委托。"
信用账户对应银行的券商代码？,"您好,目前我司信用账户绑定三方存管的券商代码为工行10230000、建行117、其他银行10239999。"
信用账户的现金资产为何不能进行新股中签款缴款？,您好，信用账户新股中签缴款要看是否有可买担保品资金，不能单看现金资产，因为信用账户内的现金包括融券卖出应冻结的（仅用于买券还券的那部分现金）和持仓股份分红未到账的那部分红利资金。
信用账户的使用限制,"您好,信用账户使用有以下限制:信用证券账户不得用于买入或转入除担保物及证券交易所公布的标的证券范围以外的证券。同时,信用证券账户也不得用于债券回购交易。"
信用账户的股票可以申购ETF基金吗？,融资融券账户的股票不能作为组合证券来申购ETF基金份额。
信用账户持有的股票如何行使投票权？,"您好,如您有参与投票意愿,请您提前5个工作日向开户营业部申请。"
新三版股票转让的计价单位？,新三板股票转让的计价单位为“每股价格”。股票转让的申报价格最小变动单位为0.01元人民币。
新三板做市转让的申报规则？,您好，新三板做市转让的申报规则如下： 一、做市商应最迟于每个转让日的9:30开始发布买卖双向报价，履行做市报价义务。做市商每个转让日提供双向报价的时间应不少于做市转让撮合时间的75%。 二、做市商每次提交做市申报应当同时包含买入价格与卖出价格，且相对买卖价差不得超过5%。相对买卖价差计算公式为： 相对买卖价差=（卖出价格-买入价格）÷卖出价格×100% 卖出价格与买入价格之差等于最小价格变动单位的，不受前款限制。 三、做市商提交新的做市申报后，前次做市申报的未成交部分自动撤销。 四、做市商前次做市申报撤销或其申报数量经成交后不足1000股的，做市商应于5分钟内重新报价。 五、做市商持有库存股票不足1000股时，可以免于履行卖出报价义务。出现前款所述情形，做市商应及时向全国股份转让系统公司报告并调节库存股票数量，并最迟于该情形发生后第3个转让日恢复正常双向报价。 六、单个做市商持有库存股票达到挂牌公司总股本20%时，可以免于履行买入报价义务。出现前款所述情形，做市商应及时向全国股份转让系统公司报告，并最迟于该情形发生后第3个转让日恢复正常双向报价。
新三板有哪些指数？,新三板的指数主要有以下两类： 1、全国中小企业股份转让系统成分指数（简称三板成指，股份代码：899001）； 2、全国中小企业股份转让系统做市成分指数（简称三板做市，股份代码：899002）。
新三板协议转让有哪些成交情况？,新三板协议转让成交规则如下： 1、每个转让日的 9:30 至11:30、13:00 至 15:00 为协议转让的成交确认时间； 2、每个转让日15:00 ，全国股份转让系统按照时间优先原则，将证券代码和申报价格相同、买卖方向相反的未成交定价申报进行匹配成交； 3、成交确认申报与定价申报可以部分成交。成交确认申报的股票数量小于定价申报的，以成交确认申报的股票数量为成交股数数量；成交确认申报股数数量大于定价申报的，以定价申报的股票数量为成交股票数量，成交确认申报未成交部分以撤单处理。
新三板协议转让的成交规则？,新三板协议转让成交规则如下： 1、每个转让日的 9:30 至11:30、13:00 至 15:00 为协议转让的成交确认时间； 2、每个转让日15:00 ，全国股份转让系统按照时间优先原则，将证券代码和申报价格相同、买卖方向相反的未成交定价申报进行匹配成交； 3、成交确认申报与定价申报可以部分成交。成交确认申报的股票数量小于定价申报的，以成交确认申报的股票数量为成交股数数量；成交确认申报股数数量大于定价申报的，以定价申报的股票数量为成交股票数量，成交确认申报未成交部分以撤单处理。
新三板市场是如何披露信息？,您好，新三板适用适度信息披露原则，即要求低于主板、创业板，最基本的要求是披露经审计的年报和重大事项临时报告。具体情况可登陆全国中小企业股份转让系统查看，网址是http:\\www.neeq.com.cn\
新三板上市的股票可以转到主板交易吗？,新三板上市的股票暂时还没有转到主板的先例，如果上市公司需要在主板上市，需要符合主板上市的需求，并且向交易所提出相关申请。具体需要以上市公司公告为准。
新三板权限开通流程？,您好，如您满足新三板开通条件，请携带有效身份证件交易时间临柜签署新三板权限开通文件，开通“报价股份转让”权限。 温馨提示：T日开通，T+1日可以交易。
新三板企业的限售期？,您好，挂牌公司控股股东及实际控制人在挂牌前直接或间接持有的股票分三批解除转让限制，每批解除转让限制的数量均为其挂牌前所持股票的三分之一，解除转让限制的时间分别为挂牌之日、挂牌期满一年和两年。挂牌前十二个月以内控股股东及实际控制人直接或间接持有的股票进行过转让的，该股票的管理按照前款规定执行，主办券商为开展做市业务取得的做市初始库存股票除外。因司法裁决、继承等原因导致有限售期的股票持有人发生变更的，后续持有人应继续执行股票限售规定。 详情请查看《全国中小企业股份转让系统业务规则（试行）》。
新三板可以做融资融券交易吗？,新三板（股份报价转让股份）目前暂不能开展融资融券业务。
新三板交易时间？,新三板交易时间为每个交易日上午9：15至11：30 、下午13：00至15：00。其中，9:15-9:30交易系统只收单、不处理。遇法定节假日和其他特殊情况，暂停转让。
新三板挂牌申请需要多少时间？,您好，根据我们的经验，从合同签署到完成挂牌，按企业的规模、资料的完整性、经营的规范程度等，一般在3-6个月，具体如下：拟挂牌企业了解新三板市场，企业决策挂牌新三板选择中介机构：先确定券商，再由券商推荐会计及律师事务所或者由企业自行聘请股份改制：1-3月尽职调查、制作挂牌备案材料、内核：1-3月中国证券业协会备案审查。
新三板股票转让交易有哪些费用？,新三板转让交易费用主要包括以下几类： 1、交易佣金:广发证券默认设置为成交金额的1.5‰(双边)，原则上不优惠，实际以营业部设置为准（股转系统规定：最高不超过成交金额的3‰）。 2、印花税:成交金额的1‰，仅向卖出方收取。 3、股份过户费:成交金额的0.025‰(双边))； 4、转让经手费:成交金额的0.5‰(双边)； 5、结算费:成交金额的0.1‰(双边)，暂免收取。
新三板股票协议转让的申报类型？,新三板协议转让的申报类型包括：意向申报（暂不支持）、定价申报和成交确认申报。定价申报：是指投资者委托主办券商按其指定的价格买卖不超过其指定数量股份的指令。成交确认申报：是指投资者买卖双方达成成交协议，或投资者拟与定价委托成交，委托主办券商以指定价格和数量与指定对手方确认成交的指令。
新三板股票申报价格是否有涨跌幅限制？,您好，新三板不设涨跌幅限制，但您若以协议转让方式申报，申报价格会有有效价格申报范围，详情如下： 申报价格应当不高于前收盘价的200%且不低于前收盘价的50%，超出该有效价格范围的申报无效；无前收盘价的，成交首日不设申报有效价格范围，自次一转让日起设置申报有效价格范围。
新三板股票清算交收规则？,新三版股票清算交收规则和A股一样：T日卖出挂牌公司股份，资金T日可用，T+1可取；T日买入挂牌公司股份，T+1日可申报卖出。
新三板股票进行交易的系统有哪些？,您好，您可通过柜台、WEB交易、网上交易、手机易淘金（Iphone版）方式进行新三板转让委托。 网上交易需下载最新版的网上交易至强版、融资融券至诚版或融资融券客户端、金融终端。 详细情况请以最新软件版本展示为准。
新三板股票的即时行情包含哪些要素？,新三板即时行情显示规则如下： 1、每个转让日的即时行情内容主要包括前收盘价、最近成交价、当日最高成交价、当日最低成交价、当日累计成交数量以及意向申报和定价申报的价格、数量、成交约定号等。 2、全国股份转让系统公司每天公布当日的所有成交信息，内容包括证券代码、证券简称、成交价格、成交数量、买卖双方主办券商证券交易单元名称等。股票转让公开信息涉及机构专用交易单元的，公布名称为“机构专用”。
新三板股票的编码规则？,您好，《全国中小企业股份转让系统证券代码、证券简称编制管理暂行办法》自2014年5月19日起正式实施后，新申请挂牌的拟挂牌公司普通股票或者已申请挂牌但尚未分配证券代码的拟挂牌公司普通股票将使用83开头的证券代码号段。《暂行办法》正式实施前已挂牌的挂牌公司普通股票或者尚未挂牌但已分配证券代码的拟挂牌公司普通股票，继续使用43开头的证券代码。交易支持平台上线并平稳运行之后，全国中小企业股份转让系统有限责任公司将组织启动证券代码切换工作，转换规则为：首两位转换为83，后四位保持不变。具体安排另行通知。
新三板股价变动单位？,新三板股票转让的计价单位为每股价格；转让申报价格最小变动单位为0.01元人民币。
新三板的投资者有哪些？,新三板投资者资格划分为合格投资者与受限投资者。投资者资格不同则需要开通不同的权限。其中： 1、您若符合开通条件，可以临柜开通新三板合格投资者权限，交易的股票不受限制。 2、您若不符合开通条件的，但已持有或曾持有过挂牌公司股份，可以临柜开通新三板受限投资者权限，开通后仅能交易已持有或曾持有过挂牌公司的股份； 3、您若尚未开通任何权限，但通过其他方式（原始股东、继承、赠予、司法划转）已持有挂牌公司股份，仅可卖出，不可再次买入该证券和其他新三板证券。
新股中签如何缴款？,您好，您若有新股中签，需在新股缴款日当日16:00前在中签账户中留有足额的可用资金即可，具体划扣操作是由系统自动操作。 温馨提示：1、过期缴款无效，新股中签缴款不收取手续费。2、新股缴款日一般都是T+2日，T为申购日。
新股中签会有短信通知吗？,您好，新股中签后，我司会有短信提醒，请确保登记的手机号码是准确的。另外，也可以关注广发证券官方微信（微信号：gf95575），在官微上绑定账户后，如果申购的新股中签了，会收到新股中签提醒，包括新股名称、中签股数等（此提醒会包含信用账户的新股中签）。
新股中签后股份何时上市？,您好，新股中签后何时上市请以上市公司公告为准。
新股中签，未及时缴款有什么影响？,您好，新股中签后您若因为资金不足，或者不想全部买入该股等等原因，可以选择部分缴款，但最少1股起。但您若连续12个月内累计出现3次中签但未足额缴纳认购资金情形的，将被列入限制申购名单，自结算参与人最近一次申报其放弃认购的次日起的180日（含次日）内不得参与网上新股申购。
新股申购有数量要求吗？,深圳新股申购必须是500股或者500股的整数倍，上海新股申购必须是1000股或者1000股的整数倍，并且可申购数量是客户申购额度与新股申购上限取校
新股申购有何注意事项？,新股申购有以下几点需注意： 1、需有新股申购额度才能参与打新； 2、申购创业板新股需要开通创业板权限； 3、同一位投资者，每只新股仅可申购一次； 4、新股申购，一经申报，不能撤单； 5、深市新股的申购数量要求为500或500股的整数倍，沪市为1000或1000股的整数倍，最大申购数量不得超过您账户对应市场的申购额度以及交易所规定的该新股的申购上限； 6、您可在T+1日查看是否有配号，有配号则说明操作成功；在T+2日可查看是否中签，若中签，需在当日下午4点前准备充足的资金在账户中缴款。
新股申购受限后，到期是否需办理解限手续？,6个月后自动解除限制，您无需到开户营业部办理。
新股申购市值会合并计算多个证券账户的吗？,同市场多个证券账户的市值是合并计算的。多个证券账户判断标准：T-2日日终，“账户持有人名称”、“有效身份证明文件号码”均相同。
新股申购时会冻结资金吗？,新股申购时无需缴款，待到T+2日（T日为新股申购日）查询中签结果，若您有中签，则需在T+2日16点前在账户上确保足够的资金用于缴款。
新股申购失败：错误代码:B01？,您好，有可能是您使用了多个证券账户进行新股申购。
新股申购可以撤单吗？,新股申购不能撤单，且每只新股以第一笔有效委托为准。
新股申购何时可以挂单?,"您好，新股申购时间深市是9:15-11:30,13:00-15:00；沪市是9:30-11:30,13:00-15:00。当新股申购代码导入系统后即可申购，如果您提前下单的，请在早上9：30后查询委托状态。"
新股申购额度超限的原因？,目前申购新股要求账户有对应市场的新股申购额度，没有额度是无法申购的。
新股申购的条件？,主要需要2个要求：首先是足额的可用资金、其次是准备好相应的市值。下面具体介绍一下： 1、新股申购预先缴款改为中签后再缴款。对此，业内人士普遍认为，按照持有股票的市值进行配售，而且不用预缴款，相当于持有流通市值的股民都有机会申购新股，但是中签率会更低； 2、三次中签不缴款挨罚调整后的规则，增加了“投资者连续12个月累计3次中签后不缴款，6个月内不能参与打新”的惩戒性措施； 3、低风险高收益一去不复返。新政规定，公开发行2000万股以下的小盘股发行，取消询价环节，由发行人和中介机构定价，新股发行完全市场化定价，这意味着即使中签新股，完全有破发可能，新股无风险12%收益的时代将一去不复返了。
新股申购的市值计算范围？,新股市值计算范围包括以下内容: 1、非限售A股股份（包括主板、中小板和创业板），包括信用证券账户的市值（信用账户融资买入及自有证券市值均计算）； 2、非限售A股停牌及暂停上市股份（按相应股票最近一个交易日的收盘价计算）； 3、发生司法冻结、质押，以及存在上市公司董监高人员交易限制的非限售A股股份； 4、新股申购中签的股份开始纳入市值计算的时间为：深圳：上市之日起计；上海：上市前一交易日起计。
新股申购的配号规则？,申购配号根据实际有效申购进行，每一有效申购单位配一个号，对所有有效申购单位按时间顺序连续配号。
新股申购的回拨机制？,根据《证券发行与承销管理办法》第十条，首次公开发行股票网下投资者申购数量低于网下初始发行量的，发行人和主承销商不得将网下发行部分向网上回拨，应当中止发行。网上投资者有效申购倍数超过50倍、低于100倍（含）的，应当从网下向网上回拨，回拨比例为本次公开发行股票数量的20%；网上投资者有效申购倍数超过100倍的，回拨比例为本次公开发行股票数量的40%。网上投资者申购数量不足网上初始发行量的，可回拨给网下投资者。
新股上市首日有涨跌幅限制吗？,您好，IPO新股上市首日无涨跌幅限制，但申报价格会有有效申报范围限制。
新股上市首日委托买入为何作废？,新股上市首日虽没有涨跌幅限制，但有有效竞价范围规定，超过有效竞价范围有可能会废单。
新股上市首日接受市价委托吗？,新股上市首日不接受市价委托。
新股上市前一交易日晚上能否提前下单？,您好，这个具体要看交易所是否已录入证券代码。若代码已被录入那么您可以尝试夜间委托，但需注意不要超过新股上市首日的报价范围。同时，请您于委托次交易日9点30分后查询委托状态。 温馨提示：夜间委托时间为晚上的21点后可下次一交易日的委托。
新股IPO网上发行制度有哪些修改？,您好，2016年1月5日，沪深交易所发布了《首次公开发行股票网上发行实施细则》，本次IPO网上发行制度修改为以下几点：1、取消新股申购预缴款，确定中签数量后再缴款；2、投资者应自主表达申购意向，不得全权委托证券公司申购；3、投资者连续12个月内累计出现3次中签但未足额缴纳认购资金情形的，将被列入限制申购名单，自其最近一次放弃认购次日起的180日（含次日）内不得参与网上新股申购；4、因投资者资金不足而放弃认购的股份，由主承销商包销或根据发行人和主承销商事先确定的其他方式处理；5、公开发行股票数量在2000万股（含）以下且无老股份转让计划的，应当直接定价全部向网上投资者发行。
未办理外币银证转账业务的客户如何取款？,外币取款流程：客户本人带齐证件和有外币结算功能的银行账户在交易时间到开户营业部柜台申请提款，营业部开转账支票给客户，客户带齐证件、银行账户、支票等到银行网点先将支票款项入账至银行账户，然后再根据银行流程从银行账户中提款。（详细操作流程请联系营业部确认） 备注：若您开户营业部已开通外币银证转账业务，建议您到开户营业部开通外币银证转账业务，方便以后的外币资金存取。
为什么资金可用不可取？,您好！资金可用不可取，常见于以下原因： 1、当天卖出A股股票的资金，当天可以用于继续交易，但不可取，需下一交易日才可取。 2、您参与了债券逆回购，当天到期的资金可以用于继续交易，但不可取，需下一交易日才可取。 3、您操作了现金增利产品登记，每天收市后，系统会自动将您账户上符合条件的资金划扣参与现金增利产品。 具体原因请您致电95575转9人工为您查询。
为何账户有资金无法转出？,您好！资金无法转出的原因有多种，有可能是当天卖股票的钱，当天无法转到银行，需下一个交易日才可转出。如果可取资金无法转出，常见原因为身份证到期未更新，建议您拨打95575转9人工为您详细查询。
忘记资金密码怎么办？,忘记资金密码，需要您本人在交易时间，携带本人有效身份证件到营业部柜台办理资金密码重置。
忘记交易密码怎么办？,因交易密码非常重要，目前忘记交易密码需要本人在交易时间携带有效身份证件到营业部柜台重新设置密码，暂不支持在网上办理。
网下发行新股有何要求？,网下发行新股有以下要求： 1、已在中国证券业协会备案――在初步询价开始日前一交易日12:00前完成； 2、已开通网下发行电子平台数字证书（CA证书）――在初步询价前完成， 3、符合市值要求――X-2日（含，X为初步询价开始日）前20个交易日的日均非限售A股市值不低于1000万元，且不低于发行人和主承销商事先确定并公告的市值要求。（市值计算规则与网上发行市值计算规则一致） 4、发行人及主承销商规定的其它条件。
网下打新资格是否支持在多家券商间使用？,可以申购其他券商承销的新股，您可任选一家券商为您申请网下打新资格。原则上该沪、深证书可分别参与全市场的网下申购（在符合主销商要求的情况下）。
网下打新申报价格有什么规定？,您好，网下打新申报价格规定如下：每个投资者只能有一个报价，网下投资者报价后，主承销商和发行人应当剔除拟申购：总量中报价最高的部分，剔除部分不得低于所有网下投资者拟申购总量的10%，然后根据剩余报价及拟申购数量协商确定发行价格；当最高申报价格与确定的发行价格相同时，对该价格的申报可不再剔除，剔除比例可低于10%。剔除部分不得参与网下申购。
网下打新缴款账号是否需与三方存管银行账号一致？,您好，缴款银行账号可以是三方存管的银行账号，也可以使用非三方存管的银行账号，但须确认都是投资者本人的银行账号，并准确填写开户银行名称、银行账户名称、银行账户号、联行号\大额支付号。
网下打新的备案条件？,网下打新的备案条件如下？： （一）具备一定的股票投资经验。机构投资者应当依法设立、持续经营时间达到两年（含）以上，开展A股投资业务时间达到两年（含）以上；个人投资者应具备五年（含）以上的A股投资经验。 （二）申请日在广发证券账户托管净资产（以打印对账单为准，不含融资融券负债）不低于1000万元人民币。 （三）完成B类专业投资者认证――按照《关于加强专业投资者适当性管理的通知》。 （四）具有良好的信用记录。最近12个月未受到刑事处罚、未因重大违法违规行为被相关监管部门给予行政处罚、采取监管措施。 （五）具备必要的定价能力。机构投资者应具有相应的研究力量、有效的估值定价模型、科学的定价决策制度和完善的合规风控制度。 （六）监管部门、协会、证券公司要求的其他条件。
网上委托权限如何取消？,您好，您可以在交易时间通过以下方式取消网上委托权限： 1、携带身份证明文件在交易时间到开户营业部柜台办理网上委托权限取消手续； 2、拨打我司客服热线95575（如无法拨通，可拨打02095575）按9转人工申请取消网上委托权限。
网上委托权限如何开通？,您好，您可以在交易时间通过以下方式开通网上委托权限： 1、携带身份证明文件到开户营业部柜台办理网上委托权限开通手续； 2、拨打我司客服热线95575（如无法拨通，可拨打02095575）按9转人工申请开通网上委托权限。
网上申购的数量有何限制？,您好，深圳市场新股申购数量以500股的整数倍进行申购，上海市场新股申购数量以1000股的整数倍进行申购，且不得超过账户对应的新股申购额度，也不得超过发行公告规定的申购上限。（比如您查询账户深圳市场有2万股申购额度，但某只新股申购上限1.8万股，那您申购某只新股上限为1.8万股）
网上开户佣金是多少？,您好，网上开户提供不同的佣金套餐供选择，最低可选择万2.5的佣金套餐。
外币证券转银行限额,外币证券转银行各营业部取款限额不一样，如果您转取的金额较大，有可能需要提前预约，转账前请您咨询开户营业部了解。
投诉上市公司什么样的证据合法有效？,您好，请您致电中国证监会热线12386详细咨询。
同一新股可多次申购吗？,您好，同一只新股每一个投资者只能申购一次，重复申购的一律视为无效申购，以第一笔有效委托为准。对于同一日多只新股同时发行，市值额度可重复使用，但每只新股只能操作一次。 （例：您有上海市场1000股的额度，上海市场今天发行A、B两只新股，则您可以同时申购A股票1000股，B股票1000股。）
同一客户可以开通多个港股通交易权限吗？,不同券商的沪A，可以开多个港股通权限。同一客户编号下无法开两个港股通权限，分别在不同营业部开户的，可以分别开通港股通权限但必须满足港股通开通的条件。
同一个账号允许在不同的手机上同时登录吗？,同一交易账号是可以在不同手机上同时登录交易。
手机账户密码忘记了怎么办,您可通过易淘金网站首页登录界面下方的“忘记密码”操作密码重置。
深证成份指数成份股多长时间调整一次？,您好，根据《深证成份指数系列编制方案》规定：成份股的定期调整定于每年1月和7月的第一个交易日实施，每年5月和11月定期对深证成份指数成份股的代表性进行考察，考察期为半年。每年1月份定期调整的考察期为上一年5月1日至上一年10月31日，每年7月份定期调整的考察期为上一年11月1日至当年4月30日。根据考察结果审议是否更换成份股。
深圳证券交易所证券代码编制原则是什么？,深交所证券代码采用六位数的数字型编制方法，首位代码为证券品种区别代码。其中0字开头的代码为A股证券及其衍生品种的证券代码；1字开头的代码为基金、债券及其衍生品种的证券代码；2字开头的代码为B股股票及其衍生品种的证券代码；3字开头的代码为创业板股票及其衍生品种、指数、统计指标、网络投票的证券代码；4字开头的代码为代办转让股票等的证券代码。
深圳市场的债券可以采取的交易方式？,您好，深圳市场的债券的交易方式分为：全价交易和净价交易。
深圳市场的新股配号为何有小数点？,您好，深圳结算优化二期上线之后，深圳登记公司下发的新股配号数据有扩位，即深圳登记公司给我司的数据是带小数点的。
深圳市场大宗交易的条件？,您好，深市证券买卖符合以下条件的，可以采用大宗交易方式： 1、A股单笔交易数量不低于30万股，或者交易金额不低于200万元人民币； 2、B股单笔交易数量不低于3万股，或者交易金额不低于20万元港币； 3、基金单笔交易数量不低于200万份，或者交易金额不低于200万元人民币； 4、债券单笔交易数量不低于5千张，或者交易金额不低于50万元人民币。
深圳货币ETF收益计算规则,深圳货币ETF收益算尾不算头。每日计算，按月支付。T日申购或者买入，T+1日开始计算收益；T日赎回或者卖出，T+1日开始不计算收益。
深圳大宗交易的成交确认时间？,权益类证券协议大宗交易的成交确认时间为每个交易日15U00至15U30；债券协议大宗交易的成交确认时间为每个交易日9U15至11U30、13U00至15U30
深市中小企业板块A股证券代码是多少？,您好，深交所中小企业板块A股证券代码的首三位代码为002，后三位代码按顺序编制。
深市新股上市首日临时停牌有何规定？,深交所新股上市停牌规则如下： 1、盘中停牌情形：股票上市首日连续竞价阶段出现盘中成交价较当日开盘价首次上涨或下跌达到或超过10%的，交易所对其实施盘中临时停牌。 2、盘中停牌时间： （1）临时停牌时间为30分钟； 临时停牌时间跨越14U57的，于14U57复牌并对已接受的申报进行复牌集合竞价。 （2）临时停牌期间，投资者可以申报，也可以撤销申报。复牌时，对已接受的申报进行复牌集合竞价。注：具体停复牌时间，以交易所公告为准。
深市港股通开通条件,您好，个人投资者参与深市港股通需满足以下条件要求： 1、证券账户及资金账户在申请权限开通前20个交易日日均资产不低于50万元； 2、具备港股通股票交易的基础知识，通过相关知识测评，测试分数不低于80分； 3、风险承受能力等级不低于积极型；其投资期限不短于“短期”；其可接受的投资品种类型包括“股票”； 4、需在我司开立标准的深市A股票账户； 5、不为“特别保护型”投资者。
深市港股通的投资者可以办理港股的转托管吗？,深市港股通的投资者可以办理港股的转托管。办理港股转托管时，为避免转托管失败及重复办理转托管，应留意不可办理转托管的情形，及自身是否享有尚未派发的权益证券或资金，并确定是否一并办理相关权益的转托管。如您已在转出托管单元申报过投票、供配股认购、股利选择权申报等，需与转出证券公司营业部共同确认是否要在转入托管单元重新申报。
深市A股的增发代码是什么？,您好，深A股票增发新股、发行可转换公司债券申购代码的首二位代码为07，后四位代码为该发行人A股证券代码的后四位。
深交所转股申报数量如何填写？,深交所转股数量处输入1张或1张的整数倍；
深交所转股申报当日如何撤销？,深交所转股申报当日可通过普通的股票撤单操作撤销。
深交所债券质押式回购竞价交易的有效竞价范围？,深交所债券质押式回购竞价交易的有效竞价范围：1、非上市首日开盘集合竞价的有效竞价范围为前收盘价的上下100%。2、连续竞价、收盘集合竞价的有效竞价范围为最近成交价的上下100%。
深交所债券的费用有哪些？,您好，深交所债券现券交易费用： 1、可转债：不超过成交金额的0.1%； 2、其他债券：不超过成交金额的0.02%；
深交所新股上市首日临时停牌期间接受委托吗？,深交所新股上市首日临时停牌期间，您可以申报，也可以撤销申报。复牌时，交易所主机对已接受的申报进行复牌集合竞价。
深交所上市债券实行全价交易有哪些？,您好，当前深交所上市的国债、地方政府债券、企业债券、公司债券、分离交易的可转换公司债券现券交易实行净价交易，可转换公司债券现券交易实行全价交易。
深交所上市债券实行净价交易有哪些？,您好，当前深交所上市的国债、地方政府债券、企业债券、公司债券、分离交易的可转换公司债券现券交易实行净价交易，可转换公司债券现券交易实行全价交易。
深交所配股认购名称的编制原则？,深交所配股认购名称的前四位字符取自其A股证券简称，后四位字符为“A1配”。
深交所逆回购的起点金额？,深交所逆回购起点为10张（即1000元）或整数倍，单笔最大数量不超过100万张。
深交所对竞价交易临时停牌有何规定？,您好，证券竞价交易出现以下情形之一的，深交易所可以根据市场需要，实施盘中临时停牌： 一、无价格涨跌幅限制股票交易出现下列情形的，交易所可以对其实施盘中临时停牌措施： （一）盘中成交价较当日开盘价首次上涨或下跌达到或超过10%的，临时停牌时间为1小时； （二）盘中成交价较当日开盘价首次上涨或下跌达到或超过20%的，临时停牌至14：57。 （三）盘中换手率达到或超过50%的，临时停牌时间为1小时。 （四）临时停牌时间跨越14：57的，于14：57复牌并对已接受的申报进行复牌集合竞价，再进行收盘集合竞价。 二、证券在9U25前停牌的，当日复牌时对已接受的申报实行开盘集合竞价，复牌后继续当日交易。 三、证券在9U30及其后临时停牌的，当日复牌时对已接受的申报实行盘中集合竞价，复牌后继续当日交易。 四、停牌期间，可以申报，也可以撤销申报。 注：具体停复牌时间，以交易所公告为准。
深交所B股证券代码的编制原则是什么？,深交所B股证券代码的首二位代码为20。若发行人已发行A股，则B股证券代码后四位取其A股证券代码的后四位；若发行人尚未发行A股，则预先按A股证券代码编制规则确定A股代码，然后按前述规则编制B股代码，其后发行的A股启用该预先编制的证券代码。
深港通和沪港通的交易日区别？,沪市港股通业务仅在沪港两地均为交易日并且能够满足结算安排时开通。深市港股通业务仅在深港两地均为交易日并且能够满足结算安排时开通。结算安排包含交易资金交收（T+2)安排与风控资金交收（T+1）安排。沪市港股通与深市港股通交易日一般情况下一致，特殊情况除外。
深港通股票为A+H股的，A股停牌与H股停牌是否同步？,您好，A+H股上市公司因存在任何未披露的内幕消息(或重大消息) ，深交所或联交所根据自身规则决定实施盘中停牌的，两地同步实施停牌。除此之外，在其他情况下，两地交易所将根据各自的规则，决定A+H股上市公司于各自市场是否需要实施停牌。
深港通股票交易如何操作？,您可以在港股通交易时间通过以下交易软件交易深市港股通： 1、WEB交易系统“股票-深市港股通-买入或卖出” 2、至诚版“港股通-深港通-买入或卖出” 3、金融终端“深港通-买入或卖出” 4、手机易淘金“交易-港股通-买入或卖出”菜单操作，输入价格、选择申报类型、数量。（温馨提示：软件可能会更新，请以实际显示菜单为准。）
深港通跟沪港通的额度能共用吗？,深港通下的港股通和沪港通下的港股通每日额度由深沪两家证券交易所分别控制，即均为105亿元人民币，互不影响、也不相互调剂。
深港通标的股票范围？,您好，深市港股通的股票范围包括恒生综合大型股指数的成份股、恒生综合中型股指数的成份股、定期调整考察截止日前十二个月港股平均月末市值不低于港币50亿元的恒生综合小型股指数的成份股，以及A+H股上市公司在联交所上市的H股。但不包括在深交所上市的A股被深交所实施风险警示、被暂停上市或者进入退市整理期的相应H股，A股在上交所风险警示板交易或被上交所暂停上市的A+H股上市公司的相应H股，在联交所以港币以外货币报价交易的股票。您可以登录深港通子网站（http:\\www.szse.cn\main\szhk）查询最新的港股通标的股票情况。
身份证号码变更后如何修改？,您好，如果您的身份证号码变更（非自然升位），变更手续一般需本人携带有效身份证明、资金账户卡和公安部门出具的变更证明及复印件到营业部柜台办理，建议您办理前先联系开户营业部确认具体办理流程及所需资料。
身份证过期如何办理？,【身份证有效期自助更新】：广发易淘金APP―右下角“我”―业务办理―证券账户类―身份证升位及有效期更新，资料审核后，办理结果将以短信方式通知您。 【身份证有效期临柜更新】：您可以携带新的有效身份证在交易时间前往开户营业部办理更新手续。
身份证过期可以办理开户吗？,您好，身份证过了有效期不能办理开户业务，建议办理好新的身份证再办理开户业务。 注：持有临时身份证可以临柜办理开户业务，办理前请先联系开户营业部确认办理流程。
身份证到期影响账户交易吗？,身份证到期不会影响账户交易，但是如果超过3个月未更新身份证资料，账户资金转出将会受限制。建议您尽快更新身份证信息。
申请期权交易权限需具备哪些模拟交易经历？,您好，个人投资者申请一级、二级或者三级交易权限的，应当具备相应的期权模拟交易经历。 一级投资者模拟交易经历须包括备兑开仓及保护性认沽期权的买入开仓、相对应的平仓以及行权; 二级投资者模拟交易经历须在一级投资者模拟交易经历的基础上增加期权合约的买入开仓、卖出平仓; 三级投资者模拟交易经历须在一级、二级投资者模拟交易的基础上增加期权合约的卖出开仓及买入平仓。
申购新股后为何查询不到配号？,您查询不到新股配号，有可能是以下原因造成的：（1）重复申购；（2）已被列入限制申购名单；
申购开放式基金时提示证券停牌,您好，请核实输入的基金代码是否正确、使用的菜单是否正确。
申购基金时扣费方式？,申购基金主要有两种扣费方式―前端收费和后端收费。
申报深市股票委托时，提示：证券账户无效，该如何处理？,您好，出现此情况可能是以下原因： 1、深A股东卡可以在多个券商处登记，如果您在某个券商处登记并长时间不交易，可能导致该券商将您的股东卡注销，之后您在其他券商交易深市股票时就会提示"证券账户无效”。此情况需您本人交易时间带身份证到开户营业部办理相关手续。 2、您的深A股东卡休眠，T日到营业部进行注销重开，当日交易深市股票，系统也会提示“证券账户无效”，委托状态是：废单。建议您下一交易再进行委托交易。
上证基金通如何修改分红方式,您好，上证基金通（场内份额）可以通过我司交易系统的股票买入\卖出菜单方式修改分红方式： 1、份额分红：方向--买入、代码：523***、价格：100、数量：100 2、现金分红：方向--卖出、代码：523***、价格：101、数量：100 备注： 1、普通货币基金分红方式只有红利转投，所以无需进行分红方式设置。 2、权益登记日前（不含当天）修改分红方式对本次分红有效。
上市公司收购可采取哪些方式？,您好，我国上市公司收购可以采取要约收购或者协议收购的方式。要约收购是指收购方通过向目标公司股东发出收购要约的方式购买该公司的有表决权证券的行为；协议收购即收购方通过与目标公司的股票持有人达成收购协议的方式进行收购。
上市公司进行重大资产重组，停牌时间最长期限是多久？,上市公司因筹划重大资产重组停牌的，应当承诺自发布进入重大资产重组程序的公告日起至重大资产重组预案或者草案首次披露日前，停牌时间原则上不超过30个自然日。确有必要延期复牌的，上市公司可以在停牌期满前按本所有关规定申请延期复牌，累计停牌时间原则上不超过3个月。上市公司申请停牌到期后未申请延期或虽申请延期但未获同意的，证券应该复牌。具体情况请以上市公司公告为准。
上交所债券质押式回购竞价交易的有效竞价范围？,上交所债券质押式回购竞价交易的有效竞价范围： 1、集合竞价阶段申报无价格限制。 2、连续竞价阶段： 不高于即时揭示的最低卖出价格的110%且不低于即时揭示的最高买入价格的90%；同时不高于上述最高申报价与最低申报价平均数的130%且不低于该平均数的70%；
上交所债券逆回购申报数量要求？,您好，上交所债券逆回购申报的数量是100手（即10万元）或其整数倍，单笔最大数量不超过10万手。
上交所债券的费用有哪些？,上交所债券现券交易费用：按不超过成交金额的0.02%，起点1元；
上交所新股上市首日有效申报价格的范围？,您好，上交所新股上市首日的有效申报价格范围： 1、集合竞价阶段，有效申报价格不得高于发行价格的120%且不得低于发行价格的80%； 2、连续竞价阶段，有效申报价格不得高于发行价格的144%且不得低于发行价格的64%。 3、无价格涨跌幅限制的证券，连续竞价阶段，申报价格不高于即时揭示的最低卖出价格的110%且不低于即时揭示的最高买入价格的90%；同时不高于上述最高申报价与最低申报价平均数的130%且不低于该平均数的70%； 4、集合竞价阶段未产生开盘价的，以当日第一笔成交价格作为开盘价。
上交所新股上市首日临时停牌期间接受委托吗？,在盘中临时停牌期间（包括开盘临时停牌1小时的情况），上交所不接受您的委托申报（委托单自动废单），但您可以撤销未成交的申报。
上交所逆回购品种和代码有哪些？,上交所回购品种有：1天国债回购（R－001代码131810）、2天国债回购（R－002代码131811）、3天国债回购（R－003代码131800）、4天国债回购（R－004代码131809）、7天国债回购（R－007代码131801）、14天国债回购（R－014代码131802）、28天国债回购（R－028代码131803）、91天国债回购（R－091代码131805）、182天国债回购（R－182代码131806）。
上交所逆回购的起点金额？,上交所逆回购起点为1000张（即10万元）或其整数倍，单笔最大数量不超过100万张。
上交所可转债债转股的转股数量规定？,上交所可转债债转股数量要输10张或10张的整数倍。
上交所股票期权行权价格间距如何设置？,您好，行权价格间距是基于同一合约标的的期权合约相邻两个行权价格的差值。例如： “上证50ETF期权”的行权价格间距是3元或以下为0.05元，3元至5元（含）为0.1元，5元至10元（含）为0.25元，10元至20元（含）为0.5元，20元至50元（含）为1元，50元至100元（含）为2.5元，100元以上为5元。
上交所股东大会网络投票平台网址？,上交所股东大会网络投票地址为：http:\\biz.sse.com.cn\sseportal\ps\zhs\ssnss\gddh_guide.jsp
上交所对竞价交易临时停牌有何规定？,您好，证券竞价交易出现以下情形之一的，上交易所可以根据市场需要，实施盘中临时停牌： （一）无价格涨跌幅限制的股票盘中交易价格较当日开盘价首次上涨或下跌超过10%（含）、单次上涨或下跌超过20%（含）的； （二）无价格涨跌幅限制的国债、地方政府债和政策性金融债盘中交易价格较前收盘价首次上涨或下跌超过10%（含）、单次上涨或下跌超过20%（含）的； （三）无价格涨跌幅限制的其他债券盘中交易价格较前收盘价首次上涨或下跌超过20%（含）、单次上涨或下跌超过30%（含）的； （四）无价格涨跌幅限制的股票盘中换手率（成交量除以当日实际上市流通量）超过80%（含）的；
上海ST、*ST股的交易规则？,上海ST、*ST股的交易规则如下： （1）当日通过竞价交易和大宗交易累计买入的单只风险警示股票（上海ST、*ST股），数量不得超过50万股。 （2）上海ST、*ST股价格的涨跌幅限制一般为5%，但A股前收盘价格低于0.1元人民币的，其涨跌幅限制为0.01元人民币，B股前收盘价格低于0.01美元的，其涨跌幅限制为0.001美元。 （3）上海ST、*ST股连续3个交易日内收盘价格涨跌幅偏离值累计达到+15%，属于异常波动，上交所将公告异常波动期内买入、卖出金额最大的5家证券营业部名称与买卖金额。 （4）上海ST、*ST股盘中换手率达到或超过30%的属于异常波动，上交所可以根据市场需要对股票实施盘中临时停牌，停牌时间持续至当日14:55。
三板交易权限如何取消？,您可在交易时间携带身份证等相关证件到开户营业部办理取消手续。
若手机丢失，需要重新申请电子签名吗？,若手机丢失无需重新申请，电子签名存储于云端，与设备无关。
如何转让中小企业私募债券？,中小企业私募债券在深交所综合协议交易平台以全价方式进行转让。转让单笔现货交易数量不得低于5000张或者交易金额不得低于人民币50万元。试点初期，综合协议交易平台仅接受投资者“成交申报”指令，不接受“意向申报”和“定价申报”指令。私募债券成交价格由买卖双方在前收盘价的上下30%之间自行协商确定。
如何注销证券账户？,如果您需要注销A股账户，在证券账户持仓以及资金为零，且不存在与证券账户、资金账户相关的未了结业务的情况下，可以本人携带有效身份证在交易时间到开户营业部办理销户。
如何注销与理财账户相关联的银行卡？,淘金钱包理财账户注销银行卡有以下两种方式：1、广发网登录易淘金网站--广发通中心--账户中心--我的银行卡，在对应的银行卡点击删除；2、下载安装“理财APP”--我的银行卡，在对应的银行卡点击删除。
如何注销信用账户？,应当向为其开立信用证券账户的证券公司申请办理注销手续。在注销信用证券账户前，投资者应当了结全部的融资融券交易，并将剩余证券划转至其普通证券账户。 证券账户的注销： 投资者因为特殊情况需要销号的可以到证还司销号，办理销号手续必须本人亲自去，自然人申请销号账号时，必须由本人必须携带有效证件前往开户点填写《注销证徽撕派昵氡怼
如何注销三方存管账户？,注销三方存管一般发生在客户注销资金账户或变更三方存管银行时，注销前提： 1、资金账户余额为零； 2、不存在与该资金账户相关的未了结业务。 如：已申报配股交易，或已参与新股、基金申购尚未处理完毕；存在买断式回购交易、约定购回交易、质押式回购交易、融资融券及转融通等未了结业务；存在其他在途权益或具有中国结算规定的其他未交收、待交收、待处置业务等未了结业务情况。 办理流程：请您在交易时间携带相关材料到营业部柜台办理，具体办理流程以营业部指引为准。
如何重置信用账户密码？,您好，办理信用账户密码重置需亲临营业部现场： 1、个人投资者在交易时间携带本人有效身份证件、信用证券账户卡、资金帐户卡到开户营业部柜台办理 2、机构客户在交易时间携带经法定代表人签章并加盖公章的法人授权清密委托书、代理人身份证件、资金账户卡、证券账户卡到开户营业部柜台办理。
如何修改账户资金密码？,您好，您可以通过以下方式修改主资金账户的交易密码、资金密码： 1、电话委托系统：通过“7修改帐户信息”→“2修改资金密码”操作修改。 2、至诚版、金融终端：登录交易系统，通过“修改密码”菜单，密码类型选择“资金密码”。 3、至易版：登录系统后，通过“普通交易”―“修改密码”菜单，密码类型选择“普通资金密码”进行修改。 4、手机易淘金：登录交易后，通过“我”－“业务办理”― “密码修改”菜单选择“修改证券资金密码”进行修改。 5、易淘金网站：登录易淘金网站后，通过“广发通中心”－“账户中心”―“安全中心”―“密码管理”―“资金账户密码”进行修改。 （温馨提示：软件可能有更新，请以实际显示为准）
如何修改账户交易密码？,您好，您可以通过以下方式修改主资金账户的交易密码：1、电话委托系统：通过“7修改帐户信息”→“1修改交易密码”操作修改。2、至诚版、金融终端：登录交易系统，通过“修改密码”菜单，密码类型选择“交易密码”。3、至易版：登录系统后，通过“普通交易”―“修改密码”菜单，密码类型选择“普通交易密码”进行修改。4、手机至慧版：登录系统后，通过“在线交易”－“修改交易密码”菜单修改。5、手机易淘金：登录交易后，通过“我”－“业务办理”― “证券账户类”―“证券密码修改”-菜单选择“修改证券交易密码”进行修改。6、易淘金网站：登录易淘金网站后，通过“广发通中心”－“账户中心”―“安全中心”―“密码管理”―“交易账户密码”进行修改。7、本人携带二代有效身份证交易时间到开户营业部修改。（温馨提示：1、如果您普通交易密码与信用交易密码相同，在进行修改普通交易密码或信用交易密码时，另一密码也会跟着修改。如需设置为不一样，可到营业部临柜办理。2、软件可能会更新，请以实际显示菜单为准）
如何修改金融终端个股分时图下方的成交量柱状线的颜色？,您可打开广发证券金融终端，点击“设置”―“系统设置”-“设置4”-勾选“分时图中成交量用涨跌红绿色显示”，在设置成功后在重新进到个股的分时图，下方显示成交量将不再是单一的成交量颜色，而是有三种颜色。温馨提示：分时成交量颜色区分时，三种颜色：红色表示成交量是价格上涨过程中成交的；绿色表示成交量是价格下跌过程中成交的；白色表示是价格不变过程中成交的量。
如何修改金融终端K线图的副图指标参数？,您好，您可打开广发证券金融终端，进入个股K线图界面，右键点击副图指标，选择“副图指标”-“调整指标参数”进行修改。
如何修改接收新股中签提醒短信的手机号码？,您好，您可以通过以下方式修改接收新股中签提醒短信的手机号： 1、若修改普通账户手机号：您可通过登录手机易淘金-我-业务办理-证券账户类-修改个人信息、金融终端―服务-修改客户资料、至诚版-服务-修改客户信息或其他支持修改的系统进行手机号码修改。（软件可能有更新，请以实际显示菜单为准） 2、若修改信用账户手机号：即修改追保手机号，可在交易时间致电95575按9转人工或联系开户营业部进行修改。
如何修改交易密码,您好，您可以通过以下方式修改主资金账户的交易密码：1、电话委托系统：通过“7修改帐户信息”→“1修改交易密码”操作修改。2、至诚版、金融终端：登录交易系统，通过“修改密码”菜单，密码类型选择“交易密码”。3、至易版：登录系统后，通过“普通交易”―“修改密码”菜单，密码类型选择“普通交易密码”进行修改。4、手机至慧版：登录系统后，通过“在线交易”－“修改交易密码”菜单修改。5、手机易淘金：登录交易后，通过“我”－“业务办理”― “证券账户类”―“证券密码修改”-菜单选择“修改证券交易密码”进行修改。6、易淘金网站：登录易淘金网站后，通过“广发通中心”－“账户中心”―“安全中心”―“密码管理”―“交易账户密码”进行修改。7、本人携带二代有效身份证交易时间到开户营业部修改。（温馨提示：1、如果您普通交易密码与信用交易密码相同，在进行修改普通交易密码或信用交易密码时，另一密码也会跟着修改。如需设置为不一样，可到营业部临柜办理。2、软件可能会更新，请以实际显示菜单为准）
如何修改成本价数值？,您可以通过以下方式修改成本价数值： 1、营业部柜台：本人携带二代有效身份证交易时间到开户营业部办理； 2、通达信\核新系统：登录交易后通过”股票-查询-资金股份\股票“自助修改成本价数值。 3、人工修改：致电（020）95575转9人工办理。（温馨提示：修改成本价数值立即生效，若当日买的股票还未进行交收，修改成本价数值不会生效，另外建议您不要在买入当天修改成本价，该种情况会导致买入成交金额翻倍计算，最终影响成本价数值）。
如何通过电话委托查询新股中签？,新股中签查询在T+2日（T为申购日）上午可通过广发证券电话委托系统查看，具体菜单如下：拨打95575后选择2查询-6查新股信息-4查中签结果（普通账户）注意：新股中签上海市场每中一个号是1000股，深圳每中一个号是500股。
如何通过电话委托查询新股申购配号？,新股配号查询时间为T+1日（T日为新股申购日）。电话委托查询新股配号方式如下：（普通账户）拨打95575，根据语音提示输入账号和密码，选择2查询-6查新股信息-2查新股配号。
如何调整佣金费率？,您好，股票交易的佣金按照不超过成交金额的0.3%，买卖双向收取，如需调整，可咨询您的开户所在营业部。
如何调整融资融券授信额度？,您好，您可通过网上交易客户端或手机证券发起授信总额度变更申请，系统将根据您账户T-1日总资产与征信情况实行自动授信。
如何调整期权交易权限？,如您的个知识测试成绩、期权模拟交易经历以及金融类资产状况发生变化，满足较高交易权限对应的资格要求的，可以向营业部申请或通过网上易淘金、手机易淘金调整交易权限。
如何收取股票交易佣金？,股票交易佣金按不超过成交金额的千分3进行收取（买卖双边收取），具体佣金率请与营业部或客户经理沟通。
如何开户？,自助开户的端口有： 1、关注广发证券微信（gf95575）后，在微信的微营业厅-开户业务办理-立即开户，下载好手机开户端后，按照步骤提示进行； 2、登陆广发官网（www.gf.com.cn）-网上开户-扫描开户二维码-下载开户APP， 3、通过第三方渠道引流开户（如新浪、百度、银行专版开户APP等）。
如何交易股票？,您好，股票交易一般通过交易系统的“买入”或“卖出”菜单操作，您可以通过http:\ ew.gf.com.cn\软件下载-网上交易，下载我司行情交易软件。 温馨提示：如有其它问题，请您描述您的具体疑问或遇到的报错信息，我们为您进一步解答。
如何更换银行卡？,您可以在易淘金首页点击【个人信息】-【我的银行卡】删除银行卡，再添加其他银行卡。如该银行卡购买的资产未全部取出，您不能删除该卡，可以等交易完结取出所有资产后再删卡或者点击【银行卡换卡指引】根据提示申请人工换卡操作。
如何更换同一银行的三方存管银行卡？,需要您本人持有效证件和新的同名银行借记卡到银行申请变更银行结算账户（因该业务属于银行业务，能否网上办理，请与相应的银行确认）。 温馨提示： 1、可能需要用到资产账号。（可拨打95575转人工验证查询）； 2、办理当天不能有银证转账，否则不能办理银行账户变更手续（以银行指引为准）； 3、若变更为异地招行卡，办理流程会较复杂，具体以银行指引为准。
如何更换不同银行的三方存管？,您好，请确认是以下哪种情况： 1、如您原三方存管账户已绑定成功，现需更换其他银行的卡作为三方存管账户，需本人带身份证和新的银行账户于交易时间到广发证券营业部办理（暂不支持网上办理）。 注：（1）办理前请先将账户资金转出到银行卡； （2）办理当天不得有任何交易、新股申购、现金增利未解约、港股持仓或未交收等在途业务及转账。 2、如您是通过网上自助方式开户的新客户，且三方存管未绑定成功，想更换为其他银行，则可通过我司易淘金APP自助办理：易淘金-我-业务办理-证券账户类-自助开户三方存管补办。
如何查询证券账号？,可通过以下方式查询： 1、通过广发证券金融终端交易软件登录交易后，在交易委托（买入、卖出）下单界面会显示股东代码即为证券账号。 2、通过广发至诚版交易软件登录交易后，在窗口模式（在精简模式可点击还原，显示窗口模式）的界面上方会显示“上海A股、股东账号”可切换选择查看。 3、通过手机易淘金软件登录交易后，在交易委托（买入、卖出）下单界面，点击在上方“设置”可查询股东账号。
如何查询佣金费率？,您好，您的交易佣金收取情况可通过以下方式查询： 1、每笔交易的佣金收取可以通过我司电脑交易系统里面的“查询-交割单”菜单进行查询，里面有各类费用收取明细。 2、如已有交易并且佣金收费超过5元，客户可拨打95575通过验证身份后查询交易账户的佣金设置情况。 3、您也可以联系开户营业部查询账户佣金费率情况。
如何查询是否已开通创业板权限？,您好，可致电95575验证身份查询或联系您的开户营业部查询。
如何才可以买股票？,首先您需要先开通股票账户，然后从关联的银行账户转钱到股票账户里面，方可以买股票。
如何绑定多张银行卡？,您好，如果您需要绑定多张银行卡，可以本人携带有效身份证、需绑定的同名银行借记卡在交易时间到营业部现场办理单客户多存管业务，暂不支持在网上办理。 （温馨提示：同一客户号最多可以绑定5张银行卡，但必须是不同银行的银行卡。）
客户编号忘记了如何找回？,您好，如果您记得交易密码，可通过以下途径查询客户编号： 1、易淘金app：我―业务办理―证券账户类―个人信息―找回客户编号。 2、易淘金网站：网上营业厅―证券账户类―找回客户编号。 3、可以拨打我司全国统一的客服热线95575或者020-95575转9人工客服查询。 如果您不记得交易密码，可以本人在交易时间带上有效身份证到开户营业部重置交易密码并查询客户编号。
开通创业板权限对账户有什么要求？,您好，您要在我司开通创业板权限，则需在我司下挂或新开立深圳A股账户。
股票可以当天买入当天卖出吗？,股票实行T+1"交收规则。即当天买入的股票，当天不能卖出，股份于当晚清算后才入账。下一个交易日可以卖出。"
股票交易费用,A股交易费用一般包括：佣金、印花税。 （1）佣金：不超过成交额的3‰（含经手费、证管费、过户费），起点5元（双向）。 其中，经手费为成交额的0.0487‰，证管费为成交额的0.02‰，过户费为成交额的0.02‰。 （2）印花税：成交额的1‰，卖方单边缴纳。
股票的交易时间？,您好，交易时间为每个交易日（周一至周五）9:15－9:25、9:30－11:30、13：00－15:00。其中，9:15至9:25为开盘集合竞价时间，14:57-15:00为收盘集合竞价时间，其余时段为连续竞价时间，交易所另有规定的除外。
多少资金能达到多少的佣金？,股票交易佣金按不超过成交金额的千分3进行收取（买卖双边收取），具体佣金率请与营业部或客户经理沟通。
当日卖出股票后可以转出资金吗？,您好，不同证券清算交收时间不同，故卖出后资金可转取时间也不一样，具体如下： T日卖出A股，资金T日可用，T+1日可取；T日卖出B股，资金T日可用，T+4日可取。
创业板如何开通,交易300开头的创业板股票需要开通创业板交易权限，如果您是首次开通创业板，需要有两年的股票交易经验，满足条件可本人带上身份证到广发证券营业部办理开通；如果您未满足条件，可先致电到营业部确认。如果您在别的账户有开通创业板，可通过广发证券易淘金-我-业务办理-证券账户类-创业板转签，进行办理。
创业板权限转签如何操作？,若您已在广发或其他券商成功开通过创业板权限，则可通过广发证券易淘金办理转签。相关规定如下： 1、转签前提： （1）需在广发证券下挂或新开立深圳A股账户（即：您原深A账户已开过创业板权限，现在广发证券新开一个深A账户，也可以办理创业板转签）； （2）已在广发证券或其他券商成功开通过创业板权限（深圳股东卡处正常状态，不含已休眠、已注销等异常情况）。 2、转签流程： （1）业务路径：易淘金APP“我”-业务办理-证券账户类-创业板转签，选择需转签的股东卡号，根据页面提示填写第二联系人信息并签署《创业板市场投资风险揭示书》后提交转签申请； （2）受理时间：可7×24小时提交创业板转签申请。 温馨提示：若原创业板对应的深圳股东账户处于销户、休眠等非正常状态的，不能通过线上进行创业板转签，您须到营业部柜台按新开创业板业务规则进行办理。
创业板权限首次开通？,您好，交易300开头的创业板股票需开通创业板权限才能操作。您若是个人投资者，需满足以下两个条件： 1、两年以上股票交易经验； 2、创业板业务风险等级为“中风险”，适配客户风险等级在“稳健型”或以上，投资期限为“短期”，投资品种为“股票”。 若您符合创业板开通条件，可以带上您的有效身份证，交易时间前往营业部开通，临柜办理后一般需2个交易日左右开通。 温馨提醒： （1）创业板首次开通网上无法办理，必须在营业部柜台办理； （2）如您想去办理的营业部不是开户所在营业部，建议在去办理前，先电话联系该营业部确认是否能办理，您可以在对话框输入营业部名称，可查询营业部电话号码和地址等信息。
创业板权限开通的办理时间,您好，首次开通创业板权限需在交易日的交易时间临柜办理。而创业板权限转签时间为：7×24小时可提交创业板转签申请，一般情况下，交易时段内（截至下午16：00）提交的转签申请可即时办理转签，非交易时段内提交的将在下一个交易时间段办理转签。
ST股票为何无法买入？,您好，交易上海ST或*ST的股票属于中高风险业务，需要签署风险揭示书后才可以购买，您可通过以下路径签署风险揭示书： （1）易淘金网站，路径：广发通中心-业务中心-业务办理-证券账户类-风险警示股票权限设置； （2）手机易淘金，路径：我-业务办理-证券账户类-风险警示股票（ST等）权限； （3）营业部现场 温馨提示： 1、自助办理该业务须通过电子签名方式签署相关协议文档。 2、深圳ST或*ST股票无需开通权限可直接购买。
B股以什么币种交易？,沪市B股使用美元，深市B股使用港币交易。
B股是约定购回的标的券吗？,您好，目前B股不能作为约定购回式证券交易的标的证券。
B股实行T+0回转交易吗？,B股与A股交易均实行T+1制度，非T+0回转交易，即您当日买入的证券，在当日不能卖出，须第二天才能卖出。
B股交易的费用？,B股的交易费用包含佣金、印花税、结算费： 1、佣金：不超过成交金额的0.3%买卖双向收取，沪B起点1美元，深B起点5港币。您的手机佣金费率，可以自行查询计算，也可以联系95575或所属营业部查询； 2、印花税：成交金额的0.1%，卖出方收取； 3、结算费：沪B股按照成交金额0.05%，深B股结按照成交金额0.05%（上限500港元），买卖双向收取。
B股价格的最小变动单位？,您好，深圳证券交易所为0.01港元，上海交易所为0.001美元。
B股股票能作为融资融券的担保品吗？,B股股票是不能作为融资融券的担保品，担保证券可通过“广发证券官网”-“我们的业务”-“证券金融”-“业务公告”-“广发证券股份有限公司可充抵保证金证券范围及折算率”（网址：http://new.gf.com.cn/business/finance/news/guaranteed）进行查询。
B股的最小交易单位？,委托买卖及清算的价格以一股为准。买卖数额以一手即100股或其整数倍为单位，如持股有零数，则零数部分需一次性卖出不能产生新的零数。
B股的涨跌幅有限制吗？,B股交易也实行价格涨跌幅限制。除上市首日的证券外，每只证券的交易价格相对于上一交易日收市价的涨跌幅度不得超过10%，ST股票涨跌幅度不得超过5%。每只证券涨跌限价的计算公式为：上一交易日收市价×(1±10%)，计算结果四舍五入取至价格最小变动单位。
B股的委托申报方式？,您好，B股委托报价方式为限价委托、市价委托。
B股的交易时间？,B股的交易时间为：交易日每周一至周五，9：15-9：25，9：30-11：30，13：00-15：00。国家法定节假日和交易所公告的休市日，交易所市场休市。交易时间内因故停市，交易时间不作顺延。
B股的交收规则？,您好，B股交易实行T+3交收原则，例如： 1）买入：周一买入，周二可卖出，周四日终股份交收； 2）卖出：周一卖出，当天资金可用，周四日终资金交收，周五资金可取。
A股账户销户有哪些注意事项？,A股销户有以下注意事项： 1、待注销证券账户的证券余额必须已提前清空，且当天无下单操作。包括普通账户、信用账户、衍生品合约账户和对应开放式基金账户，广发证券和其他券商，都不能有委托或新股申购等操作行为。 2、不存在与该证券账户相关的未了结业务；若需同时注销资金账户有以下注意事项： 1、资金账户持有余额为零； 2、不存在与该资金账户相关的未了结业务。如：已申报配股交易，或已参与新股、基金申购尚未处理完毕；存在买断式回购交易、约定购回交易、质押式回购交易、融资融券及转融通等未了结业务；存在其他在途权益或具有中国结算规定的其他未交收、待交收、待处置业务等未了结业务情况。
A股账户如何转户？,如果您要转户到广发证券其他营业部或其他券商，业务流程为： 1、您可以在交易时间携带身份证等相关材料到营业部柜台办理。 2、营业部受理您的申请后，需先为您办理上海账户撤消指定交易手续；若有深市证券需办理转托管手续，需提供转入营业部深圳席位号，转托管费用为10元/次。若是转户至广发证券其他营业部，需取消登记深圳账户，另外还需办理注销三方存管，最后注销资金账户。办理当天不能有交易、在途业务及未完善的账户情况。 3、办理转托管、撤销指定交易并销户一般需要2-3个工作日。如果您的开放式基金须办理转托管，因开放式基金转托管一般是T+2日才能确认是否成功，成功后销户也需要T+2日，即至少要5个工作日才能完成整个流程。
A股停牌原因有哪些？,您好，一般来说，停牌原因一般在停牌公告中会有说明，具体可关注上市公司的公告。 股票停牌大概有如下几种情况： ①由于重大事项引发的停牌，时间长短一不，一般最长不超过20个交易日。 ②由于澄清媒体报道引发的停牌，时间不会很长，短的第二天停一个小时，长的也就几个交易日。 ③由于公司重组、合并引发的停牌，这类停牌时间较长，如广发证券借壳延边公路，停了三年左右的时间。 ④由于召开股东大会的停牌，最为常见，一般是一个交易日。 具体股票停牌原因及何时复牌请关注上市公司的公告。
A股开户是否收费？,A股开户费为20元/户，沪深两市分别收取，合计40元。如果您使用自助开户方式，开户费会在销户或转户时收龋
A股和港股通退市制度的区别,您好，沪港两地股票市场均有退市制度。在A股市场，存在根据上市公司的财务状况在证券简称前加入相应标记（例如，ST及*ST等标记）以警示投资者风险的做法。但是，在香港联交所市场，没有风险警示板，香港联交所采用非量化的退市标准且在上市公司退市过程中拥有相对较大的主导权。这使得香港联交所上市公司的退市情形较A股市场相对复杂。
A股和港股的显示颜色有什么区别？,A股：红色代表股价上涨，绿色代表股价下跌。港股：股份上涨时，报价屏幕上显示的颜色为绿色，下跌时则为红色。为适应A股客户的交易习惯，广发证券行情软件的港股通行情走势颜色已调整初始设置，股票上涨时显示红色，股票下跌时显示绿色。
A股股票配股与增发的缴款时间有何区别？,增发缴款时间只有一天；配股缴款时间一般有5天。具体以上市公司公告为准。
70岁以上自然人可以手机开户吗?,如果您的年龄在70周岁（含）以上且80周岁以下的，系统会提示优先选择到广发营业部现场临柜办理开户业务。若您坚持网上开户，请点击继续网上开户后可继续操作开户；若您的年龄超过80周岁（含）无法通过网上进行开户，请到营业部现场临柜办理开户业务。
60岁以上如何开立信用账户？,若您年满60周岁以上至70周岁的申请人不建议其申请融资融券业务。若您坚持要求开立信用账户，须到营业部进行特别征信调查，详情请您咨询开户营业部。若为70岁以上禁止申请开立融资融券信用账户。
*st股票在什么情况下退市？,因条款内容较多，建议您可以登录以下链接进行详细查阅：链接如下：《上海证券交易所股票上市规则（2014年修订）》http:\\www.sse.com.cn\lawandrules\sserules\listing\stock\c\c_20150912_3985869.shtml《深圳证券交易所股票上市规则（2014年修订）》：http:\\www.szse.cn\main\files\2017\02\13\%E6%B7%B1%E5%9C%B3%E8%AF%81%E5%88%B8%E4%BA%A4%E6%98%93%E6%89%80%E8%82%A1%E7%A5%A8%E4%B8%8A%E5%B8%82%E8%A7%84%E5%88%99%EF%BC%882014%E5%B9%B4%E4%BF%AE%E8%AE%A2%EF%BC%89.pdf
